ds,HOBBIES_2_142_CA_4,HOBBIES_2_129_CA_1,HOBBIES_2_129_CA_2,HOBBIES_2_100_CA_1,HOBBIES_2_028_CA_3,HOBBIES_2_124_CA_2,HOUSEHOLD_2_142_CA_2,HOBBIES_2_059_CA_2,HOBBIES_1_119_CA_4,HOBBIES_2_142_CA_2,HOUSEHOLD_2_436_CA_3,HOUSEHOLD_1_065_CA_2,HOUSEHOLD_1_414_CA_2,HOUSEHOLD_1_065_CA_1,HOUSEHOLD_1_325_CA_2,HOBBIES_2_007_CA_2,HOUSEHOLD_2_053_CA_2,HOUSEHOLD_1_436_CA_3,HOBBIES_1_331_CA_3,HOBBIES_1_408_CA_1,HOBBIES_1_248_CA_1,HOBBIES_2_098_CA_3,HOUSEHOLD_1_410_CA_3,HOUSEHOLD_1_229_CA_3,HOUSEHOLD_1_169_CA_4,HOUSEHOLD_2_308_CA_2,HOBBIES_2_085_CA_2,HOBBIES_2_116_CA_2,HOUSEHOLD_1_090_CA_2,HOUSEHOLD_2_357_CA_2,HOUSEHOLD_1_033_CA_3,HOBBIES_1_248_CA_3,HOUSEHOLD_2_308_CA_3,HOUSEHOLD_2_308_CA_1,HOBBIES_1_067_CA_2,HOUSEHOLD_2_371_CA_3,HOUSEHOLD_2_004_CA_3,HOBBIES_2_091_CA_1,HOUSEHOLD_1_325_CA_3,HOBBIES_2_129_CA_3,HOUSEHOLD_2_257_CA_2,HOBBIES_2_032_CA_1,HOUSEHOLD_1_424_CA_2,HOUSEHOLD_2_062_CA_1,HOUSEHOLD_1_305_CA_3,HOUSEHOLD_1_277_CA_2,HOUSEHOLD_1_028_CA_2,HOBBIES_1_400_CA_3,HOBBIES_1_080_CA_3,HOUSEHOLD_1_004_CA_4,HOUSEHOLD_1_518_CA_2,HOUSEHOLD_2_111_CA_1,HOUSEHOLD_2_067_CA_3,HOBBIES_2_122_CA_3,HOUSEHOLD_2_111_CA_2,HOUSEHOLD_2_053_CA_1,HOBBIES_1_121_CA_3,HOBBIES_2_028_CA_2,HOBBIES_1_145_CA_2,HOBBIES_2_122_CA_1,HOUSEHOLD_2_448_CA_3,HOBBIES_2_124_CA_1,HOBBIES_1_091_CA_2,HOUSEHOLD_1_456_CA_2,HOUSEHOLD_1_035_CA_3,HOUSEHOLD_2_111_CA_3,HOBBIES_2_148_CA_2,HOBBIES_1_145_CA_1,HOBBIES_1_299_CA_4,HOUSEHOLD_2_415_CA_3,HOBBIES_1_066_CA_3,HOUSEHOLD_2_313_CA_3,HOBBIES_2_098_CA_2,HOBBIES_2_059_CA_1,HOBBIES_1_016_CA_4,HOBBIES_1_017_CA_4,HOUSEHOLD_2_180_CA_3,HOBBIES_2_028_CA_1,HOBBIES_2_059_CA_4,HOBBIES_1_316_CA_3,HOUSEHOLD_1_032_CA_3,HOUSEHOLD_1_526_CA_3,HOUSEHOLD_2_240_CA_1,HOUSEHOLD_1_136_CA_3,HOUSEHOLD_2_504_CA_1,HOUSEHOLD_2_240_CA_2,HOBBIES_2_076_CA_3,HOBBIES_2_071_CA_4,HOUSEHOLD_1_189_CA_1,HOUSEHOLD_2_504_CA_2,HOBBIES_1_223_CA_1,HOUSEHOLD_2_264_CA_2,HOBBIES_1_318_CA_3,HOBBIES_2_042_CA_1,HOBBIES_2_041_CA_3,HOBBIES_1_316_CA_4,HOBBIES_1_400_CA_2,HOUSEHOLD_1_274_CA_2,HOBBIES_2_070_CA_2,HOUSEHOLD_1_480_CA_2,HOUSEHOLD_2_067_CA_4,HOBBIES_2_016_CA_2,HOBBIES_2_122_CA_2,HOUSEHOLD_1_133_CA_1,HOUSEHOLD_2_239_CA_4
2013-01-06,2,7,6,0,0,4,27,5,0,12,0,3,25,8,6,0,5,0,2,0,21,2,60,1,0,8,2,2,34,1,8,18,10,6,54,1,0,0,16,6,7,0,8,0,6,36,45,12,28,5,0,0,0,0,1,0,0,1,0,0,0,0,0,0,6,0,0,0,2,0,0,0,1,15,26,2,0,1,2,15,0,0,0,0,0,1,0,0,0,1,0,0,0,0,0,0,0,0,0,0,0,1,0,5,3
2013-01-13,19,1,0,0,4,0,7,24,0,4,4,2,41,7,9,1,12,0,6,0,15,0,40,6,0,20,1,2,57,0,11,9,17,6,16,2,1,0,15,3,8,0,6,0,3,6,15,9,12,8,0,0,0,0,1,4,0,3,1,0,0,0,0,0,0,2,1,1,0,0,0,0,2,3,31,0,0,0,2,22,0,0,0,0,2,0,11,0,0,3,0,0,0,2,0,7,12,0,0,0,0,1,1,8,7
2013-01-20,0,0,3,2,0,2,4,1,0,10,3,5,32,3,12,2,10,2,2,0,9,2,49,0,0,32,1,1,67,2,12,38,17,9,19,1,6,0,14,4,12,6,17,0,7,18,14,0,12,6,0,4,0,0,0,9,0,1,0,0,0,2,0,0,0,0,0,1,0,0,0,0,2,4,25,3,0,2,0,10,0,0,0,0,3,0,9,0,0,0,0,0,0,1,0,11,0,0,0,0,0,0,2,4,5
2013-01-27,9,6,8,2,3,4,14,17,0,0,0,2,41,0,1,4,2,0,5,0,23,0,59,0,0,29,1,2,44,0,14,13,12,3,17,3,2,0,2,6,3,3,8,0,0,41,8,14,15,3,0,0,0,0,1,9,0,3,0,0,0,8,0,0,0,0,2,3,0,0,0,0,3,9,19,2,0,1,2,19,0,0,0,0,0,4,11,0,0,0,0,0,0,0,0,18,6,0,0,0,0,2,0,10,4
2013-02-03,3,1,1,2,0,0,16,3,0,15,0,2,29,3,5,1,1,0,3,0,25,0,53,3,0,29,3,2,62,0,8,12,39,0,37,18,3,0,5,24,12,1,7,0,1,19,1,2,8,1,0,0,0,0,0,3,0,0,0,0,0,11,0,0,0,2,3,2,0,0,0,0,1,10,18,0,0,1,1,20,0,0,0,0,1,0,11,0,0,0,0,0,0,0,0,8,0,0,0,0,0,0,0,5,4
2013-02-10,10,0,3,0,11,0,8,2,0,3,0,1,25,0,3,6,7,0,6,0,18,4,46,1,0,8,2,0,92,1,13,10,22,9,33,12,2,0,4,0,14,2,10,0,9,59,3,4,9,2,0,1,0,0,1,2,0,2,0,0,0,0,0,0,0,0,4,1,0,0,0,0,8,33,28,2,0,2,5,27,0,0,3,0,0,0,8,0,0,0,0,0,0,3,0,17,19,0,0,0,0,2,0,2,0
2013-02-17,1,3,0,0,2,5,10,10,0,4,3,4,81,0,4,3,5,0,6,0,21,5,46,3,0,38,0,2,55,2,12,15,11,0,14,23,12,0,7,2,8,3,5,0,1,76,8,2,14,2,0,0,0,0,4,24,0,1,1,0,0,3,0,0,0,2,1,1,0,2,0,0,1,11,19,1,0,4,0,9,0,0,1,0,14,1,12,0,0,5,0,0,0,3,0,3,2,0,0,0,0,1,2,3,0
2013-02-24,7,1,7,0,1,9,16,15,0,3,14,0,39,1,2,0,30,0,6,0,21,0,56,1,0,23,2,2,43,1,12,30,16,6,15,21,12,0,4,8,4,9,7,0,6,103,7,2,33,0,0,1,0,0,2,6,0,0,1,0,0,15,0,0,0,0,0,3,0,0,0,0,3,7,0,3,0,8,0,5,0,0,1,0,3,0,26,0,0,20,0,0,0,2,0,4,1,0,0,0,0,0,0,15,0
2013-03-03,9,2,1,3,1,3,11,3,0,3,2,1,106,3,1,0,1,0,5,13,83,0,59,1,0,13,2,15,99,6,14,17,17,0,36,15,2,0,3,15,3,0,4,2,5,75,4,5,15,1,0,1,0,0,8,0,12,2,0,0,0,11,0,0,0,1,0,0,0,2,0,0,1,7,0,0,0,4,2,4,0,0,1,0,0,5,26,0,0,7,0,0,0,0,0,2,0,0,0,0,0,0,2,8,0
2013-03-10,9,3,0,0,8,11,13,6,0,4,1,1,40,0,1,0,0,3,5,4,82,0,56,1,9,30,1,3,120,3,9,12,17,0,25,23,3,0,0,2,3,5,8,3,1,57,8,4,13,2,0,3,0,0,4,0,0,2,0,0,0,0,0,0,0,1,0,0,1,0,0,0,0,0,0,2,0,2,3,0,0,0,1,0,0,1,14,0,0,0,1,0,0,2,0,0,0,0,0,0,0,0,0,3,0
2013-03-17,4,7,0,1,2,0,19,0,0,17,0,1,8,2,1,1,0,0,2,14,99,1,54,2,5,22,0,0,113,7,31,12,9,7,42,26,6,0,0,7,2,2,8,7,0,82,9,1,32,9,0,2,0,0,3,3,0,1,1,0,0,0,0,0,1,4,1,0,1,2,0,0,2,2,0,2,0,4,6,1,0,0,1,0,1,11,11,0,0,2,0,0,0,1,0,0,3,0,0,0,0,2,0,2,0
2013-03-24,6,15,3,2,1,4,14,2,0,1,0,0,17,6,2,1,7,4,5,0,22,0,40,1,13,20,2,1,43,1,24,38,16,13,26,35,11,0,0,19,5,4,9,11,6,34,5,5,38,0,0,2,0,0,16,2,1,3,1,1,0,0,0,0,0,1,0,0,2,1,0,0,2,2,0,4,0,3,6,0,0,0,0,0,1,2,0,0,0,4,0,0,0,0,0,2,2,0,0,0,0,2,0,3,0
2013-03-31,5,5,1,0,3,0,12,2,0,1,9,0,55,1,2,8,4,3,4,13,29,1,45,0,8,21,4,3,39,8,32,32,11,16,21,23,6,0,6,12,5,2,5,13,6,129,7,0,45,4,0,1,0,2,12,10,2,0,0,0,0,4,0,0,0,6,0,0,0,0,0,0,1,1,0,0,0,0,2,0,0,0,3,0,3,3,3,0,0,2,7,0,0,0,0,0,3,0,0,0,0,3,2,3,0
2013-04-07,9,5,1,0,4,2,26,1,0,0,1,0,64,7,0,6,2,0,4,17,19,2,48,0,15,22,2,3,46,5,26,41,11,12,25,19,3,0,6,15,3,1,8,4,1,193,14,4,20,0,0,3,0,0,6,6,5,5,2,0,0,7,0,0,0,3,2,0,0,0,0,0,0,8,0,0,0,0,2,0,0,0,1,0,4,5,6,0,0,0,5,0,0,1,0,0,24,0,0,0,0,2,1,8,3
2013-04-14,17,2,3,0,14,11,5,19,0,0,1,7,11,17,2,0,4,1,8,0,19,6,52,3,22,29,2,2,42,3,18,25,12,9,100,24,7,0,0,11,4,5,5,1,7,55,13,4,33,1,0,5,0,1,9,2,1,0,0,0,0,2,0,0,0,14,1,0,0,2,0,0,1,10,0,1,0,0,3,0,0,0,7,0,1,9,8,0,0,6,4,0,0,0,0,0,0,0,0,0,0,1,0,5,3
2013-04-21,3,11,3,0,0,8,10,2,0,0,1,3,25,8,3,1,8,1,8,24,18,0,40,2,27,16,1,0,47,7,27,51,15,23,36,25,3,0,3,13,0,4,7,3,4,59,12,9,10,1,0,9,0,0,14,4,5,2,0,0,0,4,0,0,1,8,0,0,8,2,0,0,1,2,0,9,0,0,2,0,0,0,15,0,1,4,6,0,0,1,16,0,0,1,0,0,2,0,0,0,0,2,0,3,1
2013-04-28,1,6,0,0,1,0,16,8,0,3,2,5,39,4,3,1,9,0,5,0,25,4,53,1,19,29,7,0,56,14,9,35,13,11,14,28,3,5,8,0,3,2,8,0,4,57,7,8,37,1,0,9,0,0,19,3,22,4,1,1,0,9,0,0,0,11,0,0,0,2,0,0,7,3,0,1,0,0,2,0,0,0,16,0,1,13,7,0,0,4,0,0,0,2,0,1,0,0,0,0,0,2,1,6,5
2013-05-05,0,3,6,0,1,2,24,2,0,4,2,1,33,12,6,0,4,4,8,0,10,8,61,2,18,19,0,1,48,4,15,32,13,7,22,35,4,2,8,0,2,7,3,6,1,89,5,4,36,4,0,14,0,0,9,2,34,4,1,0,0,13,0,0,0,10,2,0,1,2,0,0,2,0,0,0,0,1,1,0,0,0,8,0,1,12,3,0,0,2,2,0,0,1,0,0,30,0,0,0,0,1,0,0,0
2013-05-12,0,2,13,5,8,1,5,0,0,13,0,2,20,10,8,3,9,0,9,0,28,4,54,0,24,16,1,1,36,5,12,35,9,14,59,23,0,0,10,3,2,4,7,0,2,67,11,3,22,2,0,12,0,2,8,2,1,0,2,2,0,0,0,0,0,5,0,0,5,0,0,0,3,8,0,3,0,0,5,0,0,0,8,0,0,14,1,0,0,1,0,0,0,1,0,0,2,0,0,0,0,1,0,5,5
2013-05-19,5,3,3,3,2,1,27,4,0,11,0,2,38,12,4,0,4,1,8,0,17,1,58,16,15,9,0,1,35,4,10,43,17,10,40,31,2,0,18,0,3,4,14,1,1,42,6,6,38,2,0,19,0,0,9,1,8,3,2,0,0,0,0,0,0,3,0,0,9,5,0,0,1,12,0,3,0,0,0,0,0,0,4,0,0,19,3,0,0,7,9,0,0,5,0,0,0,0,0,0,0,2,2,5,1
2013-05-26,7,1,0,2,8,3,10,5,0,6,0,7,54,23,6,2,4,4,6,12,20,0,15,0,22,26,2,2,25,0,3,35,9,19,26,28,1,1,14,9,5,2,5,1,8,52,12,6,15,0,0,10,0,0,5,0,4,1,1,2,0,0,0,0,1,6,0,0,11,1,0,0,0,2,0,0,0,0,0,0,0,0,7,0,0,23,0,0,0,3,2,0,0,2,0,0,0,0,0,0,0,2,0,0,0
2013-06-02,0,4,4,1,5,4,12,9,0,10,0,3,57,19,7,3,4,2,3,23,19,2,0,2,21,16,1,0,37,1,4,45,8,21,21,18,0,3,7,29,2,4,9,0,8,67,6,11,14,6,0,15,0,0,2,1,25,2,5,0,0,4,0,0,3,0,0,0,9,4,0,0,1,0,0,1,0,0,0,0,0,0,7,0,2,15,1,0,0,0,4,0,0,0,0,0,0,0,0,0,0,1,0,4,6
2013-06-09,3,1,2,0,3,5,25,4,0,14,0,1,62,19,9,0,0,2,8,18,6,0,0,2,34,15,0,4,59,2,1,43,18,10,37,19,3,8,21,17,3,3,3,0,2,84,11,7,24,3,0,19,0,0,12,2,5,1,1,0,0,3,0,0,0,4,3,0,0,0,0,0,0,5,0,0,0,0,3,0,0,0,11,0,1,16,1,0,0,2,3,0,0,1,0,0,7,0,0,0,0,1,1,21,0
2013-06-16,1,1,1,1,0,1,13,12,0,0,15,6,62,7,7,3,1,1,3,12,11,2,1,2,19,13,3,2,57,1,2,36,18,5,11,20,0,7,18,6,3,5,5,0,3,44,12,2,43,2,0,0,0,0,0,2,15,3,0,0,0,0,0,0,0,0,0,2,2,0,0,0,1,0,0,1,0,2,0,0,0,0,10,0,0,18,1,0,0,2,2,0,0,2,0,0,6,0,0,0,0,0,0,3,0
2013-06-23,0,5,0,3,1,1,14,6,0,24,0,0,64,8,7,2,5,1,16,25,18,0,2,2,24,25,3,1,75,0,2,67,25,17,26,2,0,0,17,0,2,9,2,0,5,32,5,12,48,4,0,15,0,0,17,1,14,0,0,0,0,2,0,0,0,8,0,0,0,0,0,0,0,0,0,19,0,1,0,0,0,0,6,0,1,15,1,0,0,1,1,0,0,0,0,0,0,0,0,0,0,19,0,0,0
2013-06-30,0,0,1,0,3,0,9,1,0,13,0,4,77,8,8,1,1,2,8,2,8,0,1,3,22,27,0,2,47,5,0,16,13,16,1,6,0,0,14,4,6,3,5,2,1,34,7,6,10,1,0,48,0,0,35,3,6,0,0,1,0,3,0,0,0,30,1,0,1,10,0,0,1,2,0,0,0,0,0,25,0,0,18,0,0,11,2,0,0,0,1,0,0,6,0,0,6,0,0,0,0,1,0,3,3
2013-07-07,1,2,5,1,2,3,23,6,3,3,0,3,47,21,15,1,2,1,19,8,6,0,4,2,30,18,1,0,18,7,2,64,18,8,0,7,0,0,12,3,13,0,6,1,1,29,11,12,5,3,0,26,0,0,46,1,0,3,0,0,0,6,0,0,1,27,0,0,1,17,0,0,0,3,0,0,0,2,0,51,0,0,3,0,1,1,3,0,0,1,3,0,0,3,0,0,6,0,0,0,0,0,0,2,9
2013-07-14,3,1,0,4,1,2,15,8,5,13,8,4,105,23,22,1,0,2,4,1,2,0,5,5,23,9,0,0,58,2,0,44,9,14,0,13,0,3,16,7,10,1,1,10,2,26,13,6,10,4,0,16,0,1,22,2,14,1,2,0,0,1,0,0,0,7,1,0,0,1,0,0,0,2,0,0,0,0,1,21,0,0,8,0,0,8,2,0,0,5,3,0,0,0,0,0,4,0,0,0,0,0,0,12,5
2013-07-21,0,1,0,3,0,6,10,6,6,3,3,4,56,24,8,4,9,3,9,3,4,2,1,4,15,9,1,1,48,2,0,34,9,13,0,11,0,3,14,5,7,1,3,1,1,80,2,3,14,1,0,8,0,0,29,2,3,0,0,1,0,0,0,0,0,8,1,0,3,0,0,0,1,2,0,2,0,2,4,34,0,0,5,0,0,8,2,0,0,6,6,0,0,0,0,0,0,0,0,0,0,0,0,7,4
2013-07-28,0,0,0,3,4,0,9,2,7,10,1,3,34,19,17,3,4,2,12,10,0,4,8,1,21,7,0,1,20,4,1,14,8,11,0,11,10,7,12,1,7,8,3,13,6,46,7,10,2,4,0,7,0,2,20,5,1,0,0,0,0,0,0,0,0,2,0,0,0,0,2,0,0,0,0,0,0,1,0,20,0,0,5,0,0,5,1,0,0,2,1,0,0,0,0,0,4,0,0,0,0,0,0,1,6
2013-08-04,3,2,4,0,5,6,11,11,14,17,2,5,51,14,10,5,13,8,11,2,18,0,1,3,21,9,0,1,57,4,1,35,15,15,0,10,0,5,22,2,8,3,5,6,11,52,9,8,5,3,0,6,0,0,8,2,0,3,0,0,0,0,0,0,0,2,1,10,0,1,0,0,0,0,0,0,0,2,0,15,0,0,4,0,0,2,1,0,0,1,1,0,0,0,0,0,3,0,0,0,0,1,0,5,7
2013-08-11,9,8,5,4,4,4,19,6,9,2,9,5,33,13,9,4,9,0,0,21,21,0,5,0,13,6,1,3,22,2,0,23,16,13,0,1,0,6,3,2,8,4,5,2,5,18,4,8,0,3,0,7,0,0,8,1,3,1,0,1,0,0,0,0,1,3,1,14,3,0,1,0,1,0,0,2,0,0,0,17,0,0,3,0,0,0,1,0,0,0,5,0,0,0,0,0,3,0,0,0,0,0,0,1,6
2013-08-18,1,10,1,1,1,1,11,2,4,7,0,4,1,19,17,4,14,3,11,0,18,0,2,1,20,18,3,0,26,8,1,13,15,14,0,0,8,1,22,18,1,4,3,6,1,49,28,10,5,1,0,3,0,0,10,0,1,1,0,0,0,0,0,0,1,2,0,6,0,0,1,0,0,24,1,0,0,1,0,27,0,0,8,0,0,6,3,0,0,1,0,0,0,1,0,0,0,0,0,1,0,0,3,2,7
2013-08-25,1,2,0,4,0,2,14,4,4,2,0,4,1,21,15,2,5,2,2,9,23,1,1,4,17,7,1,0,60,0,2,36,13,25,0,10,3,0,21,4,7,2,3,1,3,95,6,23,18,1,0,4,0,1,8,0,3,2,0,1,0,2,0,0,0,5,1,1,0,1,2,0,0,5,0,0,0,0,1,24,0,0,4,0,0,7,0,0,0,2,1,0,0,0,0,0,1,0,0,15,0,0,1,0,9
2013-09-01,1,2,1,4,4,10,17,6,7,0,2,5,0,21,12,4,2,1,1,19,38,0,1,3,18,18,0,0,36,3,0,35,14,5,0,20,0,7,23,9,11,3,2,1,1,48,5,5,1,5,0,6,0,0,6,5,1,1,0,1,0,0,0,0,1,4,1,0,0,1,0,0,3,0,0,1,0,0,1,5,0,0,2,0,1,7,0,0,0,1,1,0,0,6,0,0,2,0,0,9,0,1,0,21,9
2013-09-08,3,5,0,0,3,1,22,8,7,0,4,6,0,30,17,2,5,2,5,0,10,2,3,1,16,17,2,1,31,2,0,5,31,17,0,18,1,5,23,3,10,9,4,0,1,33,6,5,5,3,0,5,0,0,7,2,1,1,0,0,0,11,0,0,1,4,1,4,0,0,3,0,0,25,0,0,0,7,1,15,0,0,5,0,0,3,0,0,1,4,0,0,0,0,0,0,0,0,0,18,0,1,0,1,14
2013-09-15,0,0,0,1,1,5,11,2,1,3,7,6,0,31,25,4,0,1,7,2,20,0,2,2,12,17,1,4,35,2,0,48,10,5,0,9,2,3,27,8,13,0,2,0,2,5,5,0,5,0,0,2,0,0,7,1,13,1,2,1,0,0,0,0,0,3,0,0,0,1,1,0,0,8,0,5,0,4,2,3,0,0,3,0,0,5,0,0,0,0,1,0,0,0,0,0,3,0,0,17,0,0,1,6,11
2013-09-22,1,8,27,3,2,9,16,32,3,19,3,7,0,38,7,1,5,1,4,0,25,4,5,1,16,23,5,1,29,0,1,56,11,8,11,14,0,3,13,17,5,8,6,2,5,40,8,17,6,3,0,1,0,0,6,0,3,2,0,1,0,4,0,0,0,2,2,5,1,2,0,0,2,4,0,3,0,2,0,5,0,0,4,0,0,8,0,0,0,2,2,0,0,0,0,0,0,0,0,5,0,0,1,1,7
2013-09-29,2,3,5,2,3,11,13,19,4,11,2,9,0,19,7,5,2,2,4,10,5,0,2,1,17,15,8,0,25,1,3,28,14,23,30,9,9,2,14,2,1,3,3,2,16,36,12,23,15,0,0,1,0,1,4,0,3,0,0,2,0,0,0,0,1,1,4,1,0,0,1,0,3,1,0,2,0,6,0,2,0,0,1,0,0,0,0,0,1,1,4,0,0,0,0,8,0,0,0,8,0,0,0,17,13
2013-10-06,11,5,2,0,7,26,10,16,4,16,2,2,0,33,13,6,1,1,6,23,20,5,3,0,9,23,7,0,35,1,1,37,23,14,7,21,1,4,15,3,0,1,11,0,0,29,4,12,13,2,0,1,0,0,4,1,1,7,0,1,0,3,0,0,1,1,1,1,0,1,1,0,0,3,0,2,0,16,2,4,0,0,0,0,1,1,0,0,0,0,2,0,0,1,0,36,3,0,0,7,0,0,0,22,6
2013-10-13,2,12,11,0,21,11,21,9,9,9,1,3,0,28,5,4,3,0,2,4,17,2,25,2,8,14,3,3,35,3,6,14,11,7,6,10,5,3,8,3,0,3,4,0,2,21,7,11,16,2,0,4,0,1,1,2,4,5,0,4,0,7,0,0,1,3,0,0,0,4,2,0,0,23,0,0,0,3,1,0,0,0,0,0,1,1,0,0,1,1,2,0,0,1,0,7,3,0,0,13,0,0,3,23,12
2013-10-20,3,7,2,4,22,19,7,43,8,28,12,4,7,27,2,3,6,1,5,6,26,2,49,0,7,25,12,2,35,1,4,34,20,10,16,8,5,1,4,6,0,5,1,1,6,22,6,12,8,0,0,1,0,3,1,0,0,5,0,0,0,3,0,0,1,0,0,1,0,0,2,2,0,0,0,2,0,22,3,0,0,0,2,0,0,4,0,0,0,2,3,0,0,10,0,5,0,0,0,9,0,0,4,6,6
2013-10-27,14,25,26,1,23,22,25,14,9,36,0,2,7,22,7,6,0,1,1,6,16,4,51,1,8,26,8,2,44,2,12,31,25,16,9,16,6,3,5,29,0,1,4,3,16,25,9,12,11,0,0,2,0,4,3,0,0,27,0,10,0,0,0,0,0,0,1,0,1,1,0,0,0,0,0,3,0,9,3,0,0,0,0,0,0,2,0,0,0,1,0,0,0,0,0,8,9,0,0,14,0,0,4,30,8
2013-11-03,9,13,21,2,3,18,13,21,4,0,2,4,3,35,1,6,2,3,1,10,28,7,48,1,7,27,2,1,24,2,12,36,12,21,3,24,2,1,11,12,0,3,4,2,2,10,6,12,16,0,0,1,0,3,0,1,2,17,0,0,0,0,0,0,2,1,1,0,0,0,0,0,1,0,0,3,0,0,0,0,0,0,1,0,0,1,0,0,0,0,0,0,0,0,0,12,0,0,0,8,0,0,0,7,9
2013-11-10,0,21,8,2,0,1,9,7,1,2,1,2,0,11,2,8,4,0,3,11,10,1,55,0,5,24,2,4,33,3,9,24,22,9,0,17,1,1,3,7,0,1,0,6,7,23,0,12,1,0,0,2,0,0,3,0,1,0,0,2,0,0,0,0,0,0,8,0,1,0,3,0,5,0,0,4,0,2,0,0,0,0,0,0,1,3,0,0,0,1,0,0,0,2,0,9,6,0,0,22,0,0,0,4,10
2013-11-17,1,10,5,2,0,2,16,18,13,5,9,1,0,15,1,3,3,3,3,12,26,5,48,1,2,20,2,1,24,1,5,31,16,11,0,19,5,3,2,2,0,3,1,0,1,28,3,12,2,0,0,0,0,0,0,0,8,1,0,1,0,0,0,0,1,2,0,2,0,0,1,0,1,0,0,0,0,5,2,0,0,0,0,0,0,1,0,0,0,1,0,0,0,0,0,12,2,0,0,8,0,0,3,4,13
2013-11-24,17,4,13,2,2,3,5,8,3,7,7,1,61,18,7,9,3,1,4,13,24,2,44,0,0,30,5,1,15,0,12,24,10,20,2,16,3,2,5,11,0,4,3,0,5,0,5,11,23,3,0,0,0,0,0,0,2,2,0,5,0,0,0,0,1,1,5,0,0,3,1,0,3,20,0,0,0,4,6,0,0,0,1,0,1,0,0,0,0,2,0,0,0,1,0,5,2,0,0,7,0,0,4,9,5
2013-12-01,1,1,14,6,4,17,40,12,4,22,0,3,33,8,3,4,2,2,4,10,5,2,36,3,0,18,4,0,9,2,20,10,10,19,11,23,0,2,3,0,0,2,5,0,1,0,6,25,17,2,0,0,0,0,0,0,2,0,0,7,0,0,0,0,0,0,5,1,1,2,0,0,1,18,0,1,0,1,3,0,0,0,0,0,0,1,0,0,0,0,0,0,0,1,0,10,0,0,0,11,0,0,1,0,2
2013-12-08,15,14,21,3,2,3,11,0,11,8,3,0,3,3,9,15,0,0,3,0,17,3,34,1,1,32,0,0,33,0,19,15,14,8,14,25,0,2,9,16,0,6,4,0,1,12,4,7,5,0,0,1,0,8,1,0,0,4,1,15,0,0,0,0,1,1,16,0,2,0,0,0,6,47,0,0,0,6,10,0,0,0,0,0,0,2,0,0,0,0,0,0,0,1,0,13,3,0,0,6,0,0,19,7,6
2013-12-15,2,3,6,6,4,4,19,17,3,9,2,1,0,1,1,12,2,1,2,0,5,7,34,1,5,24,5,5,23,0,16,22,14,15,10,19,2,0,3,3,11,4,3,4,2,11,6,3,6,2,0,2,0,6,0,0,0,0,4,12,0,0,0,0,0,1,2,4,0,0,2,0,6,16,0,5,0,0,3,0,0,0,1,0,0,2,0,0,0,0,0,0,0,0,0,4,10,0,0,19,0,0,2,8,0
2013-12-22,10,2,18,7,6,5,13,27,3,0,21,1,0,2,2,22,4,3,5,1,0,10,40,0,6,18,4,1,13,2,1,3,8,11,19,24,8,1,7,20,20,0,1,2,2,0,2,1,7,0,0,0,0,1,2,0,0,0,7,0,0,5,0,0,0,1,3,2,0,1,0,0,0,21,0,1,0,0,3,0,0,0,1,0,0,0,0,0,1,0,0,0,0,1,2,17,1,0,0,10,0,0,3,3,1
2013-12-29,1,0,0,0,2,0,8,14,3,2,3,0,1,1,4,0,4,1,4,31,5,2,24,2,4,15,0,0,15,0,0,0,9,9,21,14,6,2,3,0,2,0,1,0,4,0,8,0,20,3,0,0,0,1,0,0,4,0,1,0,0,4,0,0,1,0,0,0,0,1,3,0,1,0,0,2,0,1,5,0,0,0,2,0,0,4,0,0,1,2,0,0,0,0,3,6,0,0,0,7,0,0,0,2,3
2014-01-05,0,0,1,2,3,2,10,11,7,0,0,1,0,5,3,2,3,2,5,7,17,1,46,2,6,16,1,0,2,2,0,24,14,19,7,25,0,0,4,0,11,0,5,0,12,0,6,12,11,2,0,5,0,0,0,0,1,0,0,0,0,0,0,0,0,1,1,0,2,0,0,0,0,0,0,0,0,1,0,0,0,0,0,0,0,0,0,0,0,5,1,0,0,0,2,3,4,0,0,8,0,0,0,6,8
2014-01-12,3,0,1,3,3,2,11,7,8,11,1,0,0,2,1,1,0,0,5,2,7,0,35,1,5,37,0,0,0,2,0,9,10,9,5,39,0,5,7,0,14,3,1,0,3,11,3,0,11,5,0,0,0,0,0,0,3,1,0,0,0,0,0,0,1,2,1,1,0,0,1,1,1,0,0,2,0,0,0,0,0,0,2,0,0,1,10,0,0,0,0,0,0,0,0,3,4,0,0,7,0,0,5,3,6
2014-01-19,1,0,0,0,4,4,2,2,4,0,8,1,1,1,1,5,4,0,0,19,1,2,27,0,7,14,1,4,0,0,3,3,3,18,15,32,12,1,1,0,15,1,3,1,1,27,8,3,17,3,0,1,0,0,0,0,1,0,0,0,0,0,0,3,1,2,2,3,2,1,0,1,1,0,0,1,0,1,4,0,0,0,1,0,1,1,8,0,0,1,3,0,0,0,0,4,0,0,0,4,0,0,11,9,0
2014-01-26,2,2,1,3,0,1,18,6,12,13,1,1,0,1,0,7,4,0,4,6,0,2,24,2,5,20,4,3,0,2,8,0,17,13,7,29,5,1,4,0,12,3,1,3,1,23,5,3,6,1,26,0,0,0,0,0,0,2,0,0,0,7,0,92,0,2,1,0,0,0,0,3,0,0,0,0,0,0,0,0,0,0,0,0,1,3,3,0,0,2,2,0,0,0,1,5,0,0,0,3,0,0,2,12,9
2014-02-02,1,3,10,1,4,9,9,9,2,9,2,2,0,2,1,3,0,1,1,0,5,4,24,0,3,25,6,1,0,1,13,10,11,22,17,47,1,1,5,12,4,0,2,11,1,24,9,7,10,1,83,2,0,1,0,2,2,0,2,0,0,0,0,94,0,2,0,4,2,0,0,0,2,0,0,0,0,2,0,0,0,0,1,0,1,1,4,0,0,0,6,0,0,2,0,3,1,0,0,3,0,0,1,5,5
2014-02-09,2,7,2,1,5,0,13,5,15,0,4,1,0,1,0,4,1,0,1,16,9,0,24,2,4,5,2,1,0,1,10,2,11,14,0,44,0,3,4,4,6,0,2,2,4,20,10,1,10,2,59,0,0,0,0,6,2,0,0,0,0,5,0,55,0,0,7,3,3,1,2,1,0,0,0,2,0,3,8,0,0,0,0,8,4,1,5,0,0,0,2,1,0,0,0,1,1,0,0,6,0,0,0,3,10
2014-02-16,2,0,1,2,4,1,3,22,1,3,1,0,0,0,0,4,4,1,5,31,0,1,23,3,6,27,1,0,0,0,2,0,8,9,0,35,9,3,2,18,21,6,0,0,4,44,12,0,7,1,2,4,0,0,0,3,0,0,3,0,0,11,0,4,0,1,5,0,0,0,1,0,0,23,0,1,0,3,0,0,0,0,1,8,0,0,3,0,0,1,0,5,0,3,0,0,2,0,0,2,0,0,0,2,6
2014-02-23,1,0,8,3,1,3,15,0,5,7,0,1,0,3,0,0,6,2,27,0,0,1,22,5,4,16,1,0,0,2,9,2,16,1,31,36,11,1,2,6,5,3,1,0,8,58,7,4,0,0,0,2,0,0,0,5,0,0,1,0,0,4,0,0,0,2,1,2,0,0,0,3,0,1,0,8,0,1,0,12,1,0,2,8,1,0,5,0,0,2,4,1,0,4,0,0,0,0,0,7,0,0,0,0,4
2014-03-02,11,2,2,2,2,16,12,0,18,10,1,2,0,1,0,4,0,3,2,24,17,2,22,1,4,11,7,1,0,6,12,0,5,4,10,34,4,2,6,0,17,5,3,3,3,42,9,2,0,0,0,2,0,0,0,2,2,0,0,0,0,0,0,4,2,0,0,3,0,16,0,3,0,0,0,0,0,5,3,15,0,0,0,5,1,3,5,0,0,1,5,7,0,3,0,8,1,0,0,3,0,0,0,7,8
2014-03-09,13,0,0,0,0,4,10,0,17,5,3,0,0,1,0,0,0,1,6,1,10,0,18,2,9,8,0,1,0,5,16,31,3,5,12,41,1,1,4,11,12,1,5,2,5,45,8,0,0,4,0,2,0,0,1,0,3,1,2,0,0,2,0,3,0,0,2,5,0,1,2,0,0,0,0,1,0,5,0,16,0,0,4,18,1,2,1,0,0,2,5,2,0,5,0,8,0,0,0,5,0,0,0,3,3
2014-03-16,0,14,4,0,0,0,10,2,4,12,1,1,0,1,0,2,2,4,5,0,0,2,24,2,6,5,1,3,0,7,13,39,4,9,9,37,2,1,1,11,12,0,1,2,0,29,8,2,0,0,0,5,8,0,8,1,0,2,1,0,0,1,0,11,0,1,0,3,0,0,0,6,3,0,0,3,0,1,0,5,0,0,4,27,0,2,2,0,0,1,9,3,0,1,0,2,7,0,0,12,0,0,0,1,8
2014-03-23,2,19,2,1,0,6,18,2,18,16,3,0,30,8,3,3,2,1,3,0,6,0,15,1,1,10,1,1,0,8,9,39,3,3,10,39,0,1,2,4,5,2,5,1,8,58,8,3,0,1,0,16,29,0,7,0,0,0,1,0,0,0,2,12,0,0,0,2,0,0,0,0,0,0,0,0,3,0,0,5,0,0,7,19,0,1,3,0,0,1,5,1,0,0,0,9,4,0,0,2,3,0,0,5,7
2014-03-30,3,5,1,1,1,2,10,4,4,8,4,1,40,4,3,3,4,2,2,1,7,1,17,1,7,2,7,3,0,5,22,54,8,9,16,37,4,5,4,4,10,1,1,4,16,14,9,1,0,2,0,6,26,0,7,2,0,0,3,0,0,0,6,18,0,0,0,4,0,0,2,2,1,0,0,0,3,2,0,3,0,0,4,15,0,3,5,0,0,2,0,2,4,0,0,2,4,0,0,6,6,0,1,3,9
2014-04-06,5,2,0,3,4,3,14,4,16,4,0,1,95,4,4,1,0,2,5,0,28,3,8,2,8,11,0,1,19,3,2,26,6,3,9,31,3,5,2,14,5,5,4,6,0,28,6,2,0,0,0,2,26,0,0,0,4,0,2,0,0,0,0,7,0,0,3,14,1,1,0,2,0,0,0,0,8,1,0,4,0,0,2,16,0,2,4,0,0,0,5,1,1,2,0,7,8,0,0,2,6,0,1,7,4
2014-04-13,3,4,4,2,10,5,24,6,20,3,2,1,18,7,4,1,2,0,0,0,9,3,10,0,5,2,1,0,11,6,9,22,0,9,5,34,3,0,4,4,11,1,0,3,1,18,4,3,14,3,0,0,64,0,0,0,1,0,1,1,0,3,5,0,0,0,3,3,0,2,1,1,1,0,0,2,4,0,0,0,0,0,16,8,0,2,1,0,0,1,0,2,4,3,0,7,0,0,0,3,14,0,1,4,11
2014-04-20,0,0,3,3,3,6,0,4,2,4,4,7,6,8,3,4,2,0,7,0,3,2,0,16,5,15,1,4,20,4,0,27,7,16,13,27,3,1,4,7,6,4,0,1,4,38,2,0,4,0,0,0,88,0,0,0,0,0,1,0,0,1,5,0,0,0,0,2,0,0,0,0,1,1,0,1,12,0,4,0,0,0,8,0,0,0,3,0,0,0,0,0,15,1,0,9,1,0,0,1,71,0,1,6,11
2014-04-27,2,8,4,2,2,0,11,2,22,27,1,3,9,11,3,2,1,0,8,0,13,1,3,0,7,2,1,3,11,2,0,21,3,13,15,28,3,1,5,6,8,2,2,0,11,33,7,8,9,1,0,0,15,0,0,1,1,0,1,0,0,1,3,0,0,0,1,4,0,0,0,0,1,3,0,4,12,5,0,0,1,0,8,2,0,4,3,0,0,3,2,0,16,0,0,10,0,0,0,0,8,0,1,7,16
2014-05-04,3,9,1,2,2,7,4,6,32,1,1,5,18,8,8,1,4,10,4,0,4,2,4,0,4,2,3,1,26,11,1,5,3,6,4,17,4,3,4,1,6,4,2,2,6,30,12,4,10,1,0,0,11,0,0,0,0,0,1,4,0,6,0,0,0,0,0,3,0,1,1,2,2,2,0,6,5,4,2,0,0,0,8,0,0,9,3,0,0,1,0,1,1,1,0,9,0,0,0,2,1,0,1,4,14
2014-05-11,11,5,0,5,13,9,8,1,6,0,4,2,8,4,7,1,3,11,4,0,17,5,1,7,9,5,3,0,25,3,1,19,3,2,22,9,7,0,11,8,0,8,2,3,8,33,6,0,6,3,0,0,5,0,0,5,3,0,0,1,0,0,0,0,0,0,0,4,0,1,0,0,3,10,0,1,2,2,2,0,0,0,6,1,2,4,2,2,0,1,2,2,2,0,3,7,0,0,0,1,0,0,0,2,6
2014-05-18,3,7,2,5,11,4,15,3,18,17,5,5,0,24,11,4,0,11,2,0,4,11,2,3,10,14,4,0,22,15,3,23,6,11,18,13,3,3,18,13,1,0,1,5,6,25,9,0,11,0,0,0,7,0,0,11,0,0,0,0,0,0,7,0,0,0,2,2,0,1,0,0,1,4,0,0,16,2,8,0,0,0,18,1,1,2,2,1,0,1,0,1,2,11,2,3,0,0,0,3,0,0,0,2,13
2014-05-25,4,14,11,1,5,3,10,10,4,18,3,2,0,9,7,0,15,9,8,2,12,1,2,1,8,6,0,2,17,3,0,18,8,8,14,20,9,5,8,10,5,1,0,1,4,21,7,1,21,0,0,0,4,0,0,2,2,0,0,2,0,0,4,0,0,0,1,8,0,3,1,1,0,5,0,1,2,4,0,0,0,0,6,0,0,17,2,0,0,3,7,3,0,1,1,5,1,0,0,4,0,0,0,7,11
2014-06-01,0,9,7,2,2,10,18,12,22,14,2,8,0,20,14,0,2,7,6,2,17,0,3,3,3,7,1,1,25,7,2,19,5,7,27,12,1,3,13,4,3,8,1,6,4,23,2,6,17,4,0,0,0,0,0,0,0,0,0,3,0,0,2,0,0,0,2,0,0,0,0,0,0,0,1,0,4,2,1,0,0,0,30,0,1,6,4,0,3,5,1,1,0,3,0,7,5,0,0,1,0,0,0,4,9
2014-06-08,7,3,1,2,1,0,15,1,1,0,1,4,0,10,10,0,2,0,10,1,13,0,1,3,7,2,0,1,19,5,2,20,9,6,13,11,2,1,14,2,3,7,2,1,4,22,0,0,13,2,0,0,0,0,0,0,2,0,0,1,0,0,0,0,0,0,1,5,0,2,1,1,0,0,2,1,12,4,6,0,0,0,22,0,0,5,2,0,4,3,12,3,2,7,0,3,4,0,0,2,0,0,0,10,9
2014-06-15,4,1,0,4,0,3,12,2,3,23,0,5,0,17,16,0,1,17,8,2,12,1,1,1,5,1,2,0,11,9,2,18,2,4,22,14,2,0,13,1,0,4,5,2,3,19,8,0,9,1,0,0,0,0,0,0,1,0,0,0,0,0,4,0,0,0,0,3,0,0,1,0,0,3,0,1,0,4,0,0,0,0,11,2,2,16,0,0,5,1,0,0,6,2,3,2,7,0,0,4,0,0,0,1,8
2014-06-22,2,8,0,4,0,0,9,5,3,1,2,2,0,18,24,1,3,32,7,4,17,4,0,4,13,5,3,0,13,4,0,13,3,5,8,8,5,4,17,2,5,4,2,3,5,9,6,7,3,1,0,0,0,0,0,0,0,0,1,0,0,12,5,0,0,0,0,0,0,0,2,1,0,11,0,1,4,2,1,0,0,0,17,2,2,13,2,1,8,0,3,1,3,5,0,7,0,0,0,3,0,0,0,5,8
2014-06-29,3,2,3,2,4,2,8,1,21,5,0,6,0,9,20,0,3,8,3,18,15,4,1,9,5,3,0,1,15,4,1,23,4,3,22,10,6,4,25,22,3,4,1,1,2,27,5,5,1,2,0,0,0,0,0,2,2,0,0,1,1,1,6,5,0,1,0,5,0,0,2,1,0,2,0,1,0,1,1,0,0,0,17,2,0,10,2,2,9,3,10,2,6,4,0,7,0,0,0,9,0,0,0,5,5
2014-07-06,1,5,3,3,2,1,9,0,2,13,0,5,0,10,28,1,0,16,5,0,18,1,0,6,11,2,0,1,18,5,1,24,4,4,12,10,0,5,36,4,2,6,4,7,1,16,6,3,3,2,0,0,1,0,0,1,3,1,0,0,0,2,4,16,0,2,2,9,0,3,0,1,1,4,1,1,0,0,0,0,0,0,26,1,1,8,3,12,1,2,0,0,6,3,9,5,1,0,0,2,0,0,0,2,14
2014-07-13,2,6,2,1,1,8,25,0,4,5,1,4,0,11,18,2,1,11,1,3,7,1,2,1,3,1,3,0,8,3,1,28,7,5,6,2,1,0,25,4,3,2,1,9,1,19,8,3,4,3,0,0,2,0,0,0,3,4,1,2,2,3,1,5,0,1,0,4,1,9,2,0,1,0,0,0,2,0,4,0,0,0,11,1,2,17,4,0,6,0,2,0,9,0,0,2,2,0,0,2,1,2,0,12,4
2014-07-20,4,0,0,1,0,14,5,0,32,4,1,3,0,12,29,6,0,4,3,6,12,2,0,3,8,2,3,1,5,5,1,20,5,5,6,18,2,2,16,5,9,9,3,7,5,21,4,7,2,1,0,1,0,0,7,2,1,2,1,4,2,3,2,6,0,3,0,1,0,0,0,0,1,8,0,0,1,0,3,0,0,0,6,2,0,14,3,0,0,0,5,3,1,1,0,0,0,0,0,0,0,0,0,2,8
2014-07-27,0,0,1,1,1,13,8,0,0,13,0,2,1,17,25,3,1,12,3,4,24,5,1,3,16,5,0,3,15,9,2,14,6,2,4,12,2,7,34,7,3,4,0,2,1,23,8,5,7,1,0,0,0,2,10,0,1,1,0,0,2,15,1,4,0,4,0,3,0,0,4,0,0,4,0,0,2,1,0,0,0,0,13,1,2,7,2,0,1,2,7,1,1,4,3,7,1,0,0,4,0,1,1,20,17
2014-08-03,12,4,2,0,0,10,11,0,6,8,0,6,1,23,1,0,4,4,5,24,10,4,8,1,6,3,1,3,9,4,3,14,3,5,4,17,2,5,21,4,3,9,0,3,1,37,2,5,13,2,0,2,1,0,5,1,1,0,0,2,1,7,12,11,0,0,7,1,0,0,0,2,0,5,0,0,1,0,0,0,0,0,12,0,0,10,1,0,1,0,13,1,9,0,3,8,1,0,0,0,0,0,1,17,11
2014-08-10,12,6,9,1,6,9,6,1,24,2,0,2,0,17,31,0,2,10,0,5,3,4,2,3,9,4,2,1,15,0,4,20,9,3,7,20,5,2,33,5,3,6,2,4,1,17,13,8,5,1,0,2,0,1,1,0,3,0,0,0,3,2,5,10,0,0,0,1,1,0,0,1,0,8,0,3,0,2,1,0,0,0,8,1,2,2,0,0,2,1,4,2,1,1,0,8,0,0,0,1,0,0,1,19,15
2014-08-17,2,1,2,5,4,5,27,13,4,6,0,2,0,29,14,4,4,10,1,7,6,3,0,4,4,2,2,0,15,2,1,17,3,3,0,23,4,10,28,10,10,3,0,2,1,16,7,3,8,4,0,0,0,0,2,1,2,0,2,0,3,4,0,9,0,1,0,0,0,2,0,0,2,6,0,0,4,6,0,0,0,0,4,1,2,4,0,1,6,0,4,1,1,4,7,7,0,0,0,4,0,0,0,6,7
2014-08-24,13,10,0,3,5,3,14,19,6,16,0,3,6,46,20,2,4,8,2,81,18,4,0,1,10,3,8,1,14,2,0,11,6,3,0,20,1,0,22,4,5,2,1,3,2,33,5,7,2,1,0,0,0,0,3,1,0,1,0,0,5,25,0,7,0,0,0,2,1,0,1,1,1,22,0,1,3,1,0,0,0,0,3,0,0,1,5,2,0,2,0,4,2,5,0,4,0,0,0,1,0,0,0,18,9
2014-08-31,1,2,0,3,1,3,3,6,10,4,2,1,6,29,24,0,2,8,10,0,11,3,2,5,1,7,1,4,23,3,1,17,11,3,0,13,0,2,13,18,3,2,3,1,3,24,1,7,0,7,0,0,0,0,4,0,8,1,0,1,1,3,0,0,0,1,1,1,0,0,5,3,0,0,0,0,1,3,2,0,0,0,7,1,0,0,3,0,4,0,0,5,1,1,2,1,1,0,0,1,0,1,0,4,12
2014-09-07,3,1,7,1,2,10,2,11,7,13,1,3,1,39,24,2,0,11,1,51,2,2,0,4,2,3,0,3,16,4,1,13,5,8,0,15,3,6,34,9,2,2,3,1,2,17,4,4,1,0,0,0,0,1,1,1,3,0,6,1,1,6,4,9,0,0,0,4,2,0,2,4,0,4,0,0,3,1,1,0,0,0,6,1,0,0,0,1,1,1,9,0,2,3,0,3,0,0,0,2,0,0,0,1,10
2014-09-14,2,3,5,2,10,6,10,4,6,5,1,6,8,26,21,4,3,8,4,5,6,3,1,4,3,10,1,1,21,2,0,9,6,4,0,8,3,6,23,2,2,0,3,1,5,15,0,0,2,1,0,0,0,0,2,1,2,0,0,1,3,12,2,4,0,0,2,0,0,1,2,0,0,6,0,5,2,2,0,0,0,0,2,1,1,0,0,3,1,1,11,3,3,1,5,1,0,0,0,1,0,0,0,3,12
2014-09-21,3,8,2,3,6,2,27,8,1,7,0,3,9,59,14,3,3,12,3,1,5,4,2,2,2,0,1,1,20,1,1,12,10,1,0,10,1,0,17,3,4,1,4,2,2,20,5,2,0,3,0,0,0,3,5,1,0,0,0,2,3,26,5,10,0,0,0,0,2,1,1,1,0,4,0,0,2,9,0,0,0,0,2,0,0,1,0,1,1,0,2,4,1,16,3,1,2,0,0,0,0,0,0,8,8
2014-09-28,4,1,3,4,14,2,26,4,2,2,1,6,15,15,9,3,2,10,4,7,5,6,1,0,3,2,2,1,18,0,1,12,6,1,0,10,2,1,20,4,5,0,5,11,1,21,5,1,2,11,0,0,0,1,2,0,0,6,0,1,2,29,1,9,0,0,0,1,0,1,1,0,1,15,0,1,2,5,0,0,0,0,0,0,1,1,0,0,1,0,1,4,0,5,4,4,0,0,0,2,0,0,2,19,18
2014-10-05,14,4,4,1,19,10,5,9,6,24,2,1,3,25,7,5,1,7,7,5,15,7,1,5,2,4,2,2,15,0,0,7,4,1,0,9,1,5,14,14,1,6,5,2,2,30,4,3,2,3,0,0,0,1,3,0,0,3,10,0,2,2,2,10,0,0,1,6,0,1,2,1,3,15,0,1,2,7,2,0,0,0,0,1,1,0,0,1,2,1,1,3,3,0,0,0,2,0,0,3,0,1,3,242,5
2014-10-12,10,6,6,1,4,5,8,9,4,24,3,1,6,44,15,5,4,7,4,11,4,5,2,2,1,13,10,0,15,1,0,17,9,0,0,13,3,0,15,38,5,3,0,2,4,19,7,1,0,7,0,0,0,0,2,1,2,4,2,0,2,9,6,9,0,0,1,5,1,0,3,3,1,14,0,0,5,11,1,0,0,0,0,0,0,0,1,0,0,1,2,0,1,0,3,0,2,0,2,0,0,1,0,6,7
2014-10-19,24,17,7,3,17,19,36,12,3,23,1,6,11,47,4,7,0,9,2,3,11,5,1,8,5,7,5,4,13,0,0,8,2,0,0,13,3,2,10,12,2,1,0,1,4,15,9,1,0,0,0,0,0,3,3,2,2,4,1,2,0,12,1,15,0,0,4,0,0,0,4,1,8,63,0,0,5,8,11,0,0,0,1,0,0,0,0,1,0,1,4,3,4,0,3,0,0,0,4,0,0,1,5,4,1
2014-10-26,45,36,17,3,35,21,78,44,2,55,0,4,5,48,1,15,0,4,1,0,6,17,1,2,5,10,12,4,18,1,0,17,1,3,0,11,3,0,5,14,4,3,4,0,4,24,2,0,0,4,0,0,0,1,0,0,1,5,1,5,2,24,10,9,0,0,3,0,0,0,0,0,5,35,0,2,1,12,5,0,0,0,2,0,2,0,1,1,0,0,4,6,1,6,5,0,4,0,2,0,0,0,6,3,7
2014-11-02,48,23,36,5,11,46,111,32,5,48,4,1,3,33,3,11,3,6,1,11,15,12,0,1,2,7,13,3,20,1,0,13,5,2,0,6,1,2,8,31,0,1,2,0,4,15,5,0,1,5,0,0,0,4,1,1,0,7,1,8,0,30,0,6,0,0,6,13,0,0,2,0,1,26,0,0,2,2,12,0,0,0,1,0,0,0,3,1,0,3,2,1,1,22,4,0,2,0,3,3,0,0,0,1,5
2014-11-09,6,6,7,3,3,10,70,10,2,5,3,0,15,30,0,5,4,4,2,27,13,12,0,9,5,7,9,0,10,1,1,10,3,3,0,4,5,6,4,14,0,1,3,4,2,23,6,3,5,0,0,0,0,0,0,2,0,0,1,3,1,11,7,10,0,0,0,6,0,0,2,9,3,19,0,3,17,1,3,0,0,0,0,2,0,0,2,2,0,1,5,1,2,9,12,0,0,0,3,1,0,1,0,2,8
2014-11-16,4,22,15,5,7,6,101,14,2,18,5,1,9,18,2,11,2,2,0,6,10,3,0,5,5,5,7,2,15,2,1,12,0,7,0,5,2,2,4,6,0,7,0,8,2,15,2,1,12,6,0,0,0,9,2,1,0,0,1,4,0,18,5,11,0,0,1,2,0,0,8,0,6,7,0,1,0,8,3,0,0,0,0,0,1,0,1,2,4,0,3,8,1,8,5,0,2,0,9,0,0,0,7,7,3
2014-11-23,1,26,19,1,7,10,58,7,2,14,0,0,9,8,3,7,1,20,2,3,10,8,1,0,5,2,0,5,13,0,0,23,7,1,0,17,4,1,5,23,0,2,0,0,3,23,3,0,8,3,0,0,0,7,6,1,1,2,1,4,1,4,2,6,0,0,3,0,0,1,2,1,5,48,0,7,6,4,11,0,0,0,1,2,0,0,4,1,0,0,13,3,2,4,5,0,0,0,3,6,0,0,3,2,9
2014-11-30,5,10,6,35,6,4,82,12,3,19,3,1,7,21,1,7,0,13,1,12,2,6,0,1,17,5,6,1,12,0,0,10,8,1,0,10,0,2,4,11,0,1,2,3,2,14,3,1,1,3,0,0,0,4,0,1,1,0,0,2,2,8,3,11,0,0,9,0,0,1,0,0,3,17,0,1,0,1,4,0,0,0,1,0,0,0,3,2,0,0,2,4,1,2,1,0,0,0,3,1,0,0,1,3,1
2014-12-07,5,11,19,0,3,13,12,50,2,21,4,3,5,23,5,11,0,14,1,5,8,13,0,1,5,5,5,7,19,0,1,10,1,2,0,6,0,1,3,18,0,5,0,1,0,25,3,1,1,2,0,0,0,5,1,1,3,4,12,9,1,6,1,19,0,0,6,0,0,0,2,2,4,33,0,1,4,2,13,0,0,0,0,0,0,0,7,1,0,1,8,4,4,7,10,0,3,0,2,2,0,0,1,5,4
2014-12-14,12,8,32,1,5,19,10,39,0,0,6,1,0,7,2,11,2,12,10,28,5,14,0,1,3,2,13,6,21,0,1,8,0,6,0,16,0,4,3,7,0,1,3,2,1,16,1,3,0,8,0,0,0,14,0,3,3,0,1,2,9,6,0,7,0,0,9,6,0,0,3,0,3,17,0,0,1,5,4,0,0,0,0,0,1,0,5,1,0,1,12,1,2,3,10,0,2,0,3,0,0,0,3,2,5
2014-12-21,12,46,13,4,7,8,15,36,1,16,2,1,0,8,5,13,0,7,1,10,4,12,0,1,1,0,3,4,14,0,0,2,5,3,0,8,2,5,1,22,0,2,0,2,0,19,2,1,0,2,0,0,0,3,1,4,0,4,1,0,7,11,2,17,0,0,1,0,0,0,1,0,1,30,0,1,1,0,1,0,0,0,0,0,3,0,3,1,0,2,9,5,0,4,6,0,13,0,7,4,0,0,6,2,300
2014-12-28,2,6,1,3,4,14,6,14,2,4,2,0,26,2,0,1,4,4,2,9,9,2,0,1,1,0,4,3,10,0,0,8,1,4,0,16,3,3,4,2,0,1,2,2,1,21,4,3,0,3,0,0,0,4,1,1,3,2,2,2,0,3,0,8,0,0,1,1,0,0,0,3,1,14,0,2,0,1,1,0,0,0,0,0,1,0,3,0,0,0,2,3,0,0,3,0,5,0,26,1,0,2,3,1,6
2015-01-04,3,6,4,3,0,2,20,7,2,0,1,0,11,2,2,0,0,5,1,15,14,1,2,4,2,0,1,1,18,0,0,8,4,5,0,6,4,2,13,3,0,1,1,1,2,24,5,2,0,0,0,0,0,1,1,0,0,0,1,0,2,7,0,13,0,0,1,3,0,2,1,6,0,3,0,6,0,0,2,0,0,0,0,1,0,0,13,0,1,2,1,3,0,5,2,0,11,0,11,1,0,0,0,7,4
2015-01-11,4,9,0,4,5,7,9,17,3,6,5,0,8,2,5,0,0,6,1,10,10,2,0,3,10,0,0,2,15,1,0,11,2,0,0,11,0,3,3,11,0,2,0,2,1,12,2,6,0,3,0,0,0,0,1,1,2,0,2,1,11,6,12,15,0,0,1,5,0,0,1,4,0,18,1,2,1,1,1,0,0,1,0,0,0,0,9,1,0,0,3,1,0,5,3,0,2,1,1,0,0,1,0,10,3
2015-01-18,8,9,1,1,8,0,13,0,2,8,5,3,8,1,0,0,0,5,4,27,12,2,2,1,4,0,1,1,20,1,0,10,2,1,0,12,0,2,1,11,0,2,1,6,1,21,2,3,0,8,0,0,0,0,0,0,1,0,0,2,9,2,4,6,0,0,0,3,0,0,3,0,1,21,1,1,19,2,20,0,0,0,0,0,0,0,2,0,0,0,17,1,0,1,0,0,3,0,0,0,0,1,0,0,9
2015-01-25,1,4,12,3,2,8,18,14,1,8,2,2,4,1,1,1,0,11,0,2,13,6,4,1,2,2,4,5,12,0,1,63,2,0,5,21,3,7,2,11,0,2,1,3,5,16,1,4,6,2,0,0,0,1,1,0,3,0,0,3,0,5,4,11,0,0,0,2,0,0,3,2,0,58,1,1,7,3,6,0,0,0,0,0,2,0,0,0,0,2,1,1,0,6,1,0,1,0,4,2,0,0,2,8,1
2015-02-01,12,2,2,5,4,6,9,12,6,1,0,0,9,1,0,3,0,19,4,10,11,5,0,2,0,9,1,5,15,1,0,152,2,0,71,18,4,4,1,0,0,1,0,2,4,14,2,3,6,2,0,0,0,1,0,0,3,3,0,0,12,4,6,16,0,0,3,0,0,0,3,3,1,20,1,0,3,1,2,0,0,0,0,1,0,0,4,0,0,2,4,3,0,4,1,0,6,0,0,0,0,0,0,1,0
2015-02-08,1,2,3,1,6,1,19,7,4,5,2,0,35,1,0,4,0,18,2,20,5,7,1,4,2,2,1,2,19,1,0,21,6,0,51,17,1,0,1,19,0,5,1,3,5,16,5,3,15,4,0,0,0,1,0,0,2,2,1,0,1,0,3,8,0,0,0,2,0,0,0,2,1,10,0,0,1,0,1,0,0,0,0,0,1,0,4,0,0,0,5,3,0,6,0,0,2,0,4,7,0,0,0,5,0
2015-02-15,0,1,0,2,6,1,8,12,7,6,2,0,34,2,3,1,0,7,3,15,13,4,1,0,2,1,6,1,23,1,0,18,3,0,8,13,3,5,2,3,4,2,1,2,1,9,3,1,13,7,0,0,49,1,0,0,1,1,0,0,13,5,1,12,0,0,4,2,0,0,10,6,3,18,0,3,4,2,1,0,0,0,0,0,0,0,4,0,0,0,6,1,0,5,6,0,0,0,7,2,0,2,0,7,0
2015-02-22,8,6,8,0,1,18,15,18,3,12,4,0,44,2,0,2,2,9,0,4,4,1,0,2,3,1,1,2,20,0,0,15,7,0,10,16,2,6,3,12,6,2,1,1,4,15,5,0,13,6,0,1,21,1,0,0,0,0,0,0,10,8,0,16,0,0,0,0,0,0,3,2,1,21,0,0,0,1,1,0,0,0,0,0,0,2,7,1,0,0,9,5,0,2,0,0,2,0,4,1,0,3,4,2,3
2015-03-01,3,0,3,4,6,2,9,8,3,0,3,2,29,2,0,1,1,14,1,14,11,5,0,2,2,4,0,2,16,1,0,27,5,0,9,11,2,7,5,8,3,1,1,7,3,13,4,3,23,1,0,2,16,0,0,0,2,0,0,1,2,20,0,13,0,0,0,3,0,0,1,0,0,2,12,0,1,0,2,0,0,0,2,0,3,0,3,1,0,1,12,2,0,0,0,0,4,0,3,0,3,0,0,2,2
2015-03-08,2,3,6,1,6,3,16,10,3,0,1,2,52,2,0,4,2,1,3,2,9,7,0,6,0,5,10,0,11,4,1,13,3,0,17,10,2,3,6,11,3,8,2,2,11,5,5,1,6,2,0,13,18,4,0,0,2,4,2,0,3,4,1,4,0,0,0,7,0,0,11,11,3,33,0,0,8,5,2,0,0,0,2,0,0,0,2,0,0,2,12,3,0,3,3,0,1,0,4,0,5,1,2,5,6
2015-03-15,1,5,1,3,1,6,10,3,0,0,2,1,44,6,2,2,3,5,1,8,12,4,1,0,0,1,2,1,11,8,0,7,4,0,26,10,4,2,8,0,3,1,1,2,5,37,9,0,11,2,0,2,2,0,0,0,3,0,0,1,11,7,3,13,0,0,0,1,0,0,4,0,3,9,0,0,0,1,1,0,0,0,3,0,0,4,4,0,0,1,3,1,0,5,0,0,0,0,2,0,0,0,0,6,5
2015-03-22,1,24,2,0,3,10,4,7,4,7,3,1,41,9,2,5,1,4,0,5,11,8,1,1,1,0,2,0,15,1,0,12,7,0,23,21,3,0,8,2,4,4,1,3,0,14,4,0,13,1,0,5,14,3,0,0,2,1,4,0,11,26,0,5,0,0,0,3,0,0,1,1,0,14,0,1,3,4,2,0,0,0,1,0,0,2,4,1,0,1,13,0,0,2,2,0,1,0,2,0,6,1,0,1,6
2015-03-29,6,2,2,1,1,2,27,3,2,15,5,2,16,13,2,0,3,1,4,18,3,6,1,5,1,5,2,1,10,5,0,0,6,3,5,4,0,4,10,2,3,8,1,0,16,31,6,17,18,2,0,5,24,1,0,0,0,1,0,0,3,9,2,10,0,0,0,3,0,0,6,1,0,2,0,0,3,0,1,0,0,0,4,0,2,1,4,0,2,3,0,0,0,0,4,0,2,0,5,2,3,0,3,1,1
2015-04-05,3,34,5,6,6,1,11,7,6,0,2,2,6,11,2,5,1,1,3,14,30,9,0,1,0,3,0,4,13,3,0,0,2,0,23,7,1,2,4,2,1,6,1,0,0,40,4,1,26,4,0,10,19,1,0,0,1,0,0,0,18,20,0,7,0,0,2,2,1,0,3,1,2,9,0,1,1,3,4,12,0,0,4,0,3,0,4,1,1,1,0,11,0,3,2,0,6,0,6,1,24,1,4,3,10
2015-04-12,11,5,7,0,0,4,16,8,4,0,2,2,4,10,2,1,2,1,5,0,34,12,0,10,0,4,0,0,8,6,0,3,4,3,21,8,2,5,15,8,2,3,2,1,5,25,3,1,9,1,0,3,23,4,0,0,2,1,1,0,20,4,0,4,0,0,1,1,0,0,1,0,5,11,0,2,3,8,12,4,0,7,2,0,0,1,8,0,0,2,14,8,0,1,14,0,10,0,2,0,13,0,1,11,7
2015-04-19,0,15,9,0,2,5,3,4,3,0,1,1,8,5,9,2,2,3,4,12,20,4,0,4,0,4,10,1,13,3,0,22,5,0,12,3,2,11,11,11,5,2,2,5,11,11,4,2,6,3,0,0,22,4,0,0,11,2,3,0,0,11,1,5,0,1,1,2,0,0,0,0,2,2,0,1,4,0,0,9,0,3,6,0,2,1,4,0,0,1,2,21,0,4,5,0,1,1,1,1,3,1,1,7,10
2015-04-26,0,34,5,1,2,8,7,7,1,8,2,2,0,9,4,1,2,3,5,15,17,15,0,5,0,2,3,1,8,1,0,13,2,4,19,0,0,2,10,5,3,12,1,0,4,27,3,5,2,0,0,0,12,3,0,0,3,1,0,0,2,87,5,6,0,0,0,3,0,0,1,0,17,43,0,2,0,5,0,14,0,4,1,0,0,7,8,2,0,3,6,13,1,7,10,36,2,3,4,2,5,0,0,1,14
2015-05-03,3,0,4,1,1,5,4,4,3,9,5,4,0,18,8,0,1,2,4,17,13,8,0,3,5,1,7,1,13,2,1,8,3,4,13,1,8,0,11,27,1,15,0,0,10,21,5,8,7,1,0,0,14,3,0,0,1,1,2,1,11,7,2,2,0,0,0,1,0,0,0,1,2,0,0,2,0,2,11,4,0,2,6,0,2,5,10,0,0,1,4,5,1,0,5,10,6,1,2,0,6,0,0,4,8
2015-05-10,1,2,2,4,2,3,14,6,6,4,4,0,6,7,11,2,3,1,1,8,14,10,0,3,2,0,2,0,10,7,0,8,1,1,12,0,1,6,13,32,3,21,0,0,4,29,4,6,24,2,0,0,29,2,0,0,1,0,0,0,0,11,2,8,0,0,0,9,0,4,2,1,1,7,0,5,2,6,2,7,0,4,7,0,2,4,4,1,0,3,2,4,1,3,30,5,3,0,1,0,1,0,0,4,5
2015-05-17,0,13,15,2,1,0,17,1,3,0,2,2,1,6,11,2,5,0,0,12,17,1,2,1,0,0,2,1,11,11,0,8,5,2,0,0,1,8,7,11,2,9,2,3,1,23,4,1,9,3,0,0,17,0,0,0,6,1,0,3,14,9,0,6,0,0,0,4,0,1,0,0,2,0,0,0,1,4,0,6,0,6,5,0,3,2,4,0,0,3,8,1,2,3,8,4,5,0,3,0,4,0,6,18,10
2015-05-24,5,5,0,9,3,2,0,1,1,0,3,1,4,2,4,1,1,2,2,12,18,1,3,0,1,0,1,0,16,3,1,9,2,2,52,2,0,8,8,17,2,5,4,2,2,35,3,7,12,1,0,0,3,2,0,1,3,0,2,1,1,8,0,6,0,0,1,1,0,0,1,2,5,2,0,3,2,0,1,5,0,7,7,0,0,4,0,0,1,1,3,2,2,10,4,10,1,2,5,0,4,0,2,3,9
2015-05-31,18,7,4,4,4,3,0,10,2,0,4,4,28,11,4,2,4,0,2,20,6,2,1,1,5,0,2,2,13,2,1,16,4,7,11,0,6,3,7,13,2,4,1,1,4,21,6,3,3,3,0,0,0,7,0,2,5,0,1,0,3,0,0,6,0,0,0,17,0,0,1,0,1,3,0,0,2,0,0,10,0,1,8,0,1,1,4,0,2,3,1,8,7,16,11,6,7,0,3,0,1,0,1,6,10
2015-06-07,3,6,5,0,3,13,0,8,2,13,2,5,18,5,5,3,1,1,3,11,13,11,0,0,0,0,2,0,15,6,2,18,2,1,14,0,1,3,9,3,0,13,2,2,0,26,8,6,12,0,0,0,3,1,0,0,0,0,2,0,15,0,1,4,0,0,0,0,0,0,0,1,2,4,0,0,2,0,0,2,0,4,19,0,0,3,4,0,8,2,2,3,0,14,3,7,6,0,2,0,4,0,0,3,7
2015-06-14,3,6,7,0,2,4,0,4,4,6,3,3,27,12,9,0,6,0,25,1,2,2,2,6,3,0,0,7,19,7,2,20,1,1,14,1,5,0,20,0,0,5,1,1,9,13,5,6,6,3,0,0,0,0,0,0,1,0,1,0,0,1,3,8,0,0,0,2,0,6,0,2,0,3,0,1,3,0,0,4,0,8,7,0,2,12,3,3,5,2,21,1,1,9,2,8,3,2,2,0,3,1,0,3,9
2015-06-21,6,3,5,1,6,8,0,4,1,2,1,2,22,10,11,4,3,0,1,27,11,0,1,0,1,1,0,2,6,7,1,8,2,2,14,0,1,7,16,0,0,7,3,8,5,9,3,2,4,1,0,0,0,0,0,2,2,5,2,0,0,1,4,11,0,1,0,1,0,0,0,4,0,6,0,0,0,0,1,1,0,1,21,0,0,10,3,0,9,0,2,10,2,3,4,4,1,2,5,1,4,1,0,33,15
2015-06-28,5,0,4,2,0,3,0,6,3,0,1,3,26,12,11,1,6,2,1,27,7,4,2,3,0,14,1,0,22,13,4,26,4,2,15,0,1,5,25,5,1,0,2,3,4,60,3,7,5,0,0,0,0,2,0,2,0,1,0,0,1,10,1,9,0,0,0,1,1,0,1,3,2,22,0,3,0,3,4,3,0,6,22,0,0,5,4,0,0,1,6,3,1,0,14,8,6,1,3,1,0,3,2,2,6
2015-07-05,4,5,2,4,2,4,0,7,1,0,9,5,26,9,17,0,5,0,3,11,25,0,2,2,0,6,0,6,11,11,1,20,4,0,3,0,4,6,25,3,2,6,2,3,4,28,7,3,5,1,0,0,0,2,0,0,5,0,15,0,1,11,1,12,0,0,0,2,2,4,0,4,1,2,0,1,4,0,0,2,0,3,11,2,1,19,2,1,4,4,20,0,4,2,11,9,1,1,3,3,2,1,0,4,7
2015-07-12,0,0,4,0,0,6,9,2,1,2,3,2,17,11,20,0,0,1,4,19,9,2,12,11,1,7,0,1,16,14,6,9,2,0,59,0,0,2,12,7,2,1,2,1,5,37,6,13,3,4,0,4,0,1,1,0,3,0,6,0,18,7,2,7,0,7,0,0,0,0,0,1,2,1,0,1,2,2,7,10,0,5,8,0,1,9,1,0,1,2,2,4,1,14,9,4,8,0,4,1,0,1,1,8,8
2015-07-19,2,1,3,0,4,1,19,0,3,11,0,7,30,16,16,0,4,0,1,8,10,4,51,3,5,3,0,2,14,0,29,9,4,0,18,2,4,6,24,15,5,4,1,2,8,23,3,3,10,5,0,23,1,2,7,0,6,0,2,0,1,0,0,6,0,14,0,1,3,3,1,0,4,0,0,0,1,0,8,5,0,4,3,0,0,18,0,2,3,2,9,8,1,0,18,3,9,0,3,4,0,1,0,8,5
2015-07-26,2,1,4,9,3,1,7,6,5,1,0,3,27,13,19,0,3,2,2,18,19,2,60,2,3,7,1,2,18,3,16,23,1,0,6,6,5,3,22,17,4,6,2,0,5,26,9,0,2,2,0,12,0,0,2,2,8,1,1,0,2,1,1,13,0,14,0,1,1,4,0,1,1,4,0,0,7,1,0,4,0,6,3,0,0,6,1,1,2,1,21,3,2,1,3,2,1,0,4,2,0,2,0,3,11
2015-08-02,0,4,2,1,1,3,31,3,7,11,7,16,16,14,24,1,4,0,4,27,21,4,54,2,2,6,2,2,20,2,16,20,1,0,29,14,1,8,31,3,5,0,1,1,10,23,3,6,2,0,0,15,0,0,2,1,4,0,4,0,1,20,9,18,0,14,0,1,0,3,2,1,2,21,0,1,1,2,0,6,0,5,5,0,1,10,1,0,14,1,6,5,1,1,13,2,0,0,4,1,0,0,0,12,7
2015-08-09,0,1,1,1,4,1,20,4,3,16,8,4,23,16,31,0,4,5,3,9,14,1,66,1,3,3,0,0,18,0,20,19,0,3,5,8,2,5,28,1,4,4,3,8,1,38,7,0,0,5,0,12,0,0,3,1,3,0,2,1,18,8,4,9,0,19,0,5,1,0,4,5,2,2,0,1,2,0,0,1,0,4,5,0,1,6,0,1,13,3,14,3,2,5,1,1,3,0,4,4,0,1,0,2,8
2015-08-16,0,3,0,1,2,1,0,22,2,3,1,4,12,11,16,1,4,6,4,5,10,0,55,0,5,1,4,3,11,1,21,11,6,1,0,12,2,10,24,7,2,2,3,5,4,30,2,6,5,1,0,12,6,2,3,1,0,1,1,0,6,5,2,6,0,11,0,0,0,5,2,1,1,0,0,1,4,2,0,3,0,3,2,0,1,6,4,1,8,2,4,7,3,2,5,1,11,3,3,2,0,1,0,7,7
2015-08-23,0,1,3,2,1,2,0,7,3,4,0,5,12,0,25,9,4,2,4,11,9,1,53,2,0,3,7,1,9,0,29,5,4,4,0,19,2,2,29,8,5,8,2,1,2,45,0,2,12,3,0,6,2,1,3,0,3,0,0,1,1,2,6,9,0,12,0,3,0,2,0,3,0,0,0,0,3,1,1,2,0,5,0,0,0,3,0,2,6,0,28,4,1,3,0,2,7,1,2,0,0,1,0,1,5
2015-08-30,0,9,1,4,5,13,3,3,7,8,3,11,5,0,23,3,3,6,5,3,10,0,58,1,0,8,0,3,19,0,22,0,0,3,24,19,2,5,25,16,2,1,4,6,8,72,0,4,10,0,0,4,5,2,0,0,7,1,14,0,1,2,3,9,0,14,0,2,1,1,7,3,0,0,0,1,3,2,1,0,0,4,0,0,0,1,2,1,5,2,3,2,2,3,0,1,12,2,1,0,0,0,0,5,5
2015-09-06,0,4,3,1,2,7,20,8,5,24,3,5,14,0,18,1,3,10,0,20,14,0,70,7,0,6,0,1,19,2,25,4,1,5,18,34,1,3,36,3,9,3,1,7,4,35,2,6,12,6,0,3,8,1,0,0,1,3,0,1,3,5,0,7,0,14,1,6,0,3,0,1,0,6,0,0,2,5,0,1,0,6,3,0,0,1,0,3,8,0,2,7,1,4,5,2,4,1,3,0,0,1,2,3,11
2015-09-13,0,1,17,6,5,16,9,10,4,25,4,9,7,0,17,0,7,4,0,6,16,0,58,5,4,5,0,3,15,2,26,8,0,0,41,44,2,0,39,7,0,8,1,5,0,15,1,4,10,2,0,5,2,1,0,2,3,1,0,2,1,0,0,9,0,9,1,3,0,4,9,8,2,5,0,5,4,0,1,1,0,4,1,0,0,1,0,5,4,2,0,7,1,1,1,3,3,0,2,0,0,1,1,6,6
2015-09-20,0,12,3,2,6,6,10,1,10,31,1,2,6,7,11,2,5,7,0,12,18,5,63,1,3,6,3,2,19,2,20,10,3,2,22,58,1,5,25,6,2,1,1,1,7,0,0,3,15,5,0,3,1,3,0,0,1,2,0,1,0,6,15,12,0,1,0,3,1,2,2,0,1,14,0,5,5,0,3,0,0,0,3,0,1,0,0,0,2,0,2,4,1,3,9,1,0,1,0,0,0,0,0,8,0
2015-09-27,0,0,1,5,10,30,11,7,4,14,2,7,21,18,13,1,1,12,3,3,23,3,56,3,7,4,2,2,6,3,20,14,5,3,7,22,0,2,8,8,8,0,3,2,6,10,0,3,3,12,0,1,0,1,0,1,7,3,0,5,1,8,3,12,0,0,0,3,0,2,4,1,1,4,0,0,0,3,0,0,0,0,1,0,1,0,1,0,0,5,5,6,1,9,3,2,4,0,1,0,3,1,0,3,0
2015-10-04,2,15,10,1,9,5,14,6,4,21,3,3,18,18,12,4,6,7,1,14,21,3,70,0,3,7,7,3,8,3,27,16,0,0,23,44,1,5,8,19,2,0,3,6,2,17,5,4,26,5,0,1,0,1,0,0,0,3,0,0,2,1,0,12,0,0,3,2,1,2,1,2,7,0,0,1,2,17,5,0,0,0,0,0,2,0,2,1,0,1,18,6,3,6,2,0,4,0,0,0,2,0,1,2,14
2015-10-11,4,7,33,6,17,8,22,8,5,33,5,4,23,31,4,1,3,5,5,10,13,15,57,5,8,1,4,2,8,3,17,8,4,3,6,42,3,5,15,4,2,0,1,3,1,29,3,3,14,5,0,0,0,5,0,0,5,21,0,0,0,25,4,12,0,0,0,4,0,3,2,4,17,11,0,2,0,23,0,0,0,0,0,0,0,2,3,1,1,0,2,1,1,6,0,0,6,0,2,1,1,1,0,6,9
2015-10-18,11,3,20,5,25,39,10,16,6,34,0,8,13,23,13,3,7,11,1,2,8,15,60,4,2,2,7,1,9,2,23,15,2,5,79,32,0,6,0,10,0,1,2,10,5,4,1,5,9,11,0,0,0,3,0,0,4,12,0,8,4,18,3,34,0,0,1,0,0,2,3,3,0,22,0,2,5,8,1,0,0,0,0,0,0,2,2,0,1,3,11,0,2,3,4,2,11,0,2,2,0,0,3,2,9
2015-10-25,23,61,27,9,7,16,21,13,3,94,1,11,11,2,5,2,2,8,2,5,21,5,56,1,4,3,7,3,11,0,26,17,11,1,10,30,0,5,12,13,1,0,2,2,5,18,2,1,19,7,0,1,0,10,1,0,6,3,0,10,3,16,2,6,0,0,1,0,1,3,3,7,5,25,0,0,4,16,6,0,0,0,0,0,0,2,1,0,0,1,0,3,3,13,3,0,3,1,1,4,2,0,12,2,6
2015-11-01,52,17,24,7,6,0,14,54,4,48,2,6,23,26,2,9,6,5,3,11,5,15,68,1,2,3,5,15,14,2,24,12,4,3,29,45,2,26,8,20,3,0,1,2,7,14,10,6,4,7,0,2,4,19,1,0,4,12,0,7,0,0,0,9,0,1,3,1,0,0,0,2,5,13,0,1,3,14,18,1,0,1,0,0,0,2,4,2,0,1,0,4,2,3,1,0,7,1,2,2,0,1,18,0,5
2015-11-08,12,31,17,2,1,9,8,9,7,46,2,7,14,12,2,4,6,10,3,2,0,0,54,0,1,0,1,1,18,0,29,9,4,1,59,32,1,0,4,0,1,0,2,2,5,19,10,0,6,12,0,2,3,3,1,0,12,2,0,7,0,0,2,12,0,1,2,0,0,5,4,1,3,3,0,2,2,1,8,0,0,1,0,0,0,1,2,1,0,0,0,11,1,7,0,2,3,2,1,3,3,1,1,2,5
2015-11-15,21,16,2,4,3,0,12,10,4,7,1,18,10,30,2,3,1,6,1,7,6,0,64,2,10,0,2,7,11,1,25,4,8,1,8,24,2,2,8,1,0,0,4,5,5,6,9,7,8,9,0,1,9,1,1,0,10,3,0,1,2,16,3,12,0,1,5,0,0,0,3,1,2,0,0,0,1,3,7,2,0,0,0,0,0,1,3,1,0,2,0,8,0,3,5,1,1,1,5,5,3,0,2,4,3
2015-11-22,10,24,12,5,2,9,9,25,5,26,1,2,14,15,1,3,1,7,1,13,10,3,48,0,6,0,2,5,10,2,30,11,0,2,17,23,1,3,2,10,1,0,2,0,7,9,9,6,13,2,0,0,2,0,0,0,3,4,0,6,6,7,1,9,0,0,8,12,3,2,2,3,7,0,0,1,0,4,7,6,0,0,0,0,1,0,3,1,0,1,0,8,3,4,6,0,5,0,4,1,1,0,3,2,6
2015-11-29,6,9,3,11,4,4,9,7,7,27,2,5,11,9,6,4,5,21,1,0,6,0,22,1,13,0,2,0,11,3,20,16,3,3,8,21,0,1,10,5,0,0,2,0,2,0,5,4,16,12,0,0,0,2,0,0,0,3,0,5,0,13,2,7,0,0,1,0,0,2,2,7,3,19,0,0,2,8,11,1,0,0,0,8,0,1,1,1,0,3,0,2,3,2,2,0,1,0,5,1,4,2,0,6,9
2015-12-06,9,20,0,18,2,7,11,26,11,16,4,4,12,3,2,5,3,22,1,24,1,9,2,2,4,0,2,0,16,1,25,4,4,2,20,35,0,3,5,3,0,1,1,2,2,0,7,16,10,5,0,0,6,9,0,0,2,3,0,2,0,4,23,12,0,1,15,0,0,2,1,2,8,0,0,0,4,2,14,1,0,0,0,8,0,2,2,1,0,1,0,8,3,4,3,0,2,0,1,2,2,1,6,5,8
2015-12-13,8,8,0,12,7,4,13,46,13,23,0,4,13,4,4,15,1,13,3,0,13,6,1,2,9,0,1,0,13,0,24,10,1,4,14,39,2,1,6,25,0,0,0,6,5,0,1,1,7,16,0,1,9,28,0,0,3,2,0,25,2,4,2,12,0,0,12,12,0,1,0,0,11,0,0,0,2,7,25,3,0,0,0,0,0,1,1,0,0,2,0,2,4,3,16,0,2,0,4,3,0,1,32,3,174
2015-12-20,13,3,0,3,11,3,12,7,6,30,1,1,10,5,5,2,8,10,6,1,5,20,42,3,2,0,6,3,3,1,23,12,2,2,12,17,1,6,3,10,0,1,0,4,4,14,6,7,18,5,0,2,2,17,0,0,3,1,0,1,0,19,8,12,0,2,11,0,0,0,1,0,10,21,0,1,1,6,7,1,0,13,0,0,0,1,0,0,0,1,2,4,4,1,4,0,4,0,5,6,9,0,2,1,15
2015-12-27,1,0,0,1,2,7,7,0,5,9,2,2,14,4,3,0,1,8,0,4,1,4,5,4,9,0,2,7,11,0,22,7,2,2,30,23,1,4,5,3,2,0,1,2,4,20,3,4,8,5,0,0,8,4,3,0,3,0,0,0,1,3,2,6,0,0,1,11,0,0,1,13,4,1,0,0,0,3,3,3,0,36,0,0,0,2,2,0,2,2,1,6,8,1,2,0,0,0,6,4,5,1,0,3,8
2016-01-03,3,4,0,1,0,0,6,10,4,12,4,4,10,2,10,0,6,5,3,3,4,1,25,0,7,0,0,2,13,0,27,17,3,2,32,34,2,2,19,9,0,0,4,2,2,20,10,9,16,5,0,0,8,1,0,0,10,1,0,0,1,2,35,10,0,3,0,13,0,0,1,1,13,0,0,1,12,0,8,3,0,20,0,0,0,0,2,0,1,2,5,2,1,3,0,0,1,4,4,5,0,0,1,13,7
2016-01-10,5,0,1,1,1,1,9,8,5,3,3,3,8,3,2,0,3,15,0,17,2,1,39,3,4,0,5,3,17,0,24,9,1,0,4,38,1,4,6,1,1,2,0,1,3,28,3,3,7,12,0,1,6,0,0,0,3,6,0,0,0,0,7,12,0,2,3,24,0,5,1,4,0,0,0,0,1,0,4,0,0,13,0,26,0,3,5,0,0,0,3,4,0,1,0,0,4,5,3,1,0,0,1,6,12
2016-01-17,13,3,8,1,2,5,10,9,6,5,1,1,8,3,2,0,1,5,3,22,0,0,62,1,5,0,0,3,10,0,20,18,0,0,17,23,0,17,3,7,3,6,1,3,4,18,5,0,11,14,0,0,8,0,0,1,1,1,0,0,1,3,20,7,0,2,0,0,0,2,3,5,0,7,0,1,0,2,5,5,0,6,0,14,0,1,2,0,0,2,18,3,0,6,0,0,3,10,0,6,0,0,0,4,8
2016-01-24,0,2,1,4,6,6,1,8,1,23,2,2,10,1,3,1,4,9,1,2,0,3,79,2,17,0,0,3,10,1,26,2,4,0,11,23,1,4,4,8,2,9,0,0,10,27,7,11,25,4,0,1,9,0,1,0,3,0,0,2,2,2,21,6,0,0,13,0,0,3,3,5,2,10,0,0,0,2,0,14,0,6,0,0,0,4,2,0,1,0,0,3,3,7,0,0,10,2,3,4,3,1,0,2,5
2016-01-31,6,12,1,4,4,6,0,13,7,17,3,0,19,2,1,1,0,5,0,14,0,2,56,2,9,0,2,5,8,1,29,12,0,2,24,37,1,1,1,0,5,11,1,1,8,19,10,15,12,4,0,3,1,2,4,0,1,3,0,0,1,18,5,8,0,0,5,1,0,0,1,6,3,5,0,0,0,1,2,14,0,10,0,0,0,4,0,2,0,3,7,3,4,1,1,0,3,1,5,3,4,0,3,2,13
2016-02-07,6,23,4,6,0,4,0,11,8,11,1,4,21,2,3,0,2,6,1,4,0,3,52,1,10,0,1,2,17,0,15,14,0,0,12,50,1,4,1,0,3,5,5,4,5,11,11,1,11,3,0,1,8,5,1,0,3,5,0,1,1,5,2,14,0,1,0,1,0,0,4,1,2,17,0,0,0,2,0,12,0,3,0,0,0,0,0,3,0,0,17,1,2,19,1,0,4,1,1,0,0,0,0,4,10
2016-02-14,10,15,4,5,5,0,11,6,1,11,4,2,13,2,2,5,3,4,4,0,0,1,64,1,4,0,2,2,10,2,32,15,1,0,6,53,1,3,1,2,4,13,5,2,13,21,3,3,11,2,0,0,33,2,2,0,1,7,1,0,1,5,2,11,0,2,6,0,0,0,3,4,1,8,0,0,3,3,9,16,0,3,0,8,0,1,2,0,0,1,14,2,2,6,1,0,0,1,1,2,0,1,1,6,10
2016-02-21,0,1,4,2,4,0,17,2,9,8,2,2,14,2,1,0,2,0,2,3,10,1,70,2,2,0,1,1,13,2,26,10,5,0,11,63,1,1,4,1,4,7,0,10,9,17,3,5,11,4,0,0,12,0,4,0,2,3,6,1,4,0,3,11,0,0,2,0,0,2,14,3,2,2,0,0,2,1,0,9,0,2,0,31,1,2,0,2,0,1,6,3,6,0,1,0,1,0,3,4,1,0,2,9,7
2016-02-28,3,35,3,3,3,1,7,10,12,17,1,1,31,3,0,0,0,0,6,3,4,2,81,3,6,0,2,4,11,0,23,9,4,0,42,62,1,9,2,2,1,4,0,2,21,20,3,5,8,3,0,6,11,1,6,0,1,2,9,2,2,7,3,10,0,3,0,2,0,2,0,2,2,10,0,0,7,3,0,7,0,5,0,32,0,1,0,1,1,2,17,2,6,2,0,0,8,2,0,1,2,0,1,1,10
2016-03-06,5,4,5,3,6,0,11,4,2,2,0,4,19,5,3,1,4,2,5,14,14,7,72,3,10,0,6,3,9,3,28,11,1,0,22,60,2,5,9,8,1,2,4,4,1,17,4,13,5,7,0,1,4,0,4,0,0,2,7,3,6,17,1,10,0,0,0,17,0,3,12,9,5,3,0,2,0,5,1,11,16,6,0,25,1,1,0,0,1,1,3,3,1,2,0,0,5,0,2,3,3,0,2,1,11
2016-03-13,0,4,2,4,3,0,10,7,1,19,4,1,16,1,10,4,1,0,1,20,14,2,69,3,4,0,1,1,5,3,27,12,5,0,15,115,1,1,8,3,5,0,2,7,9,15,0,8,8,12,0,1,1,0,4,0,5,3,14,2,1,4,1,6,0,3,1,3,0,1,2,2,2,3,0,1,0,3,0,6,18,3,0,18,1,0,3,0,1,1,0,1,1,9,3,0,4,0,1,3,7,0,1,1,13
2016-03-20,1,9,12,7,3,0,2,11,0,19,6,4,14,3,2,0,1,1,2,11,5,8,65,2,5,0,0,1,6,0,29,14,2,2,10,113,2,5,10,14,1,2,1,4,9,14,0,14,6,4,0,1,2,0,2,0,6,2,0,1,0,3,0,7,0,3,2,0,0,0,12,2,1,2,0,3,0,11,4,7,16,3,0,25,0,0,0,0,0,1,33,3,4,3,1,0,2,0,1,2,0,0,1,6,12
2016-03-27,0,3,26,9,8,0,17,8,0,14,1,3,27,3,3,1,0,0,2,0,11,3,44,6,8,0,0,3,13,0,17,20,3,4,20,45,0,6,4,0,2,3,5,10,5,20,1,19,3,1,0,0,1,0,7,0,1,0,0,4,2,14,5,6,0,7,2,0,0,2,3,12,1,9,0,1,2,7,2,5,18,0,0,23,1,1,3,0,0,2,5,2,2,4,1,0,6,2,2,2,0,0,1,3,12
2016-04-03,0,5,3,2,0,0,7,1,8,13,2,7,80,4,3,2,1,0,3,14,9,2,39,3,11,0,0,2,12,1,12,14,4,4,13,60,2,1,3,3,5,2,0,5,6,18,0,3,10,2,2,0,4,0,7,0,2,2,0,0,2,25,0,6,5,3,2,0,0,5,16,13,2,10,0,1,0,3,0,3,7,3,0,8,0,8,0,0,0,1,1,3,2,7,1,0,7,0,2,5,4,0,0,1,8
2016-04-10,0,8,3,2,5,3,7,8,2,6,2,12,77,7,1,1,3,0,1,1,5,1,1,2,7,0,4,5,14,4,1,14,3,5,4,91,0,2,8,4,5,6,0,6,6,16,27,11,3,5,12,0,4,0,2,0,1,4,1,0,0,18,4,8,2,9,1,4,0,2,1,1,3,12,0,2,1,0,5,5,9,13,0,0,1,6,3,1,2,0,2,6,1,7,3,0,6,0,1,2,1,0,0,3,12
2016-04-17,0,10,20,1,5,4,10,5,3,10,1,7,12,5,4,1,0,0,1,15,0,3,13,2,6,1,1,3,8,0,3,11,5,2,13,81,0,2,4,2,2,5,0,3,15,12,8,6,9,0,8,1,4,3,5,0,2,1,0,2,1,1,9,4,3,7,1,11,0,0,1,2,2,1,0,0,1,0,1,3,22,6,5,5,0,6,0,0,3,1,6,19,2,6,10,0,10,10,2,7,1,0,0,1,15
2016-04-24,0,20,6,1,7,3,6,2,9,4,2,15,13,7,1,4,0,0,0,8,12,1,52,5,6,1,1,1,12,1,23,12,2,6,18,56,2,4,12,2,1,5,2,1,11,20,2,7,8,8,6,1,0,1,5,0,3,1,2,0,3,8,4,6,6,11,2,18,0,0,4,4,6,14,0,6,1,1,2,0,40,2,6,17,0,4,2,2,1,2,4,18,1,5,4,0,2,4,2,1,2,1,3,2,9
2016-05-01,3,4,11,10,11,6,10,11,2,12,1,17,21,6,9,4,2,0,2,8,3,19,75,1,1,3,5,2,6,5,16,19,1,2,13,36,1,4,9,6,3,18,1,5,4,15,1,10,9,7,8,1,2,2,7,0,0,3,0,2,1,9,4,12,12,11,2,2,1,1,1,11,10,5,0,1,1,1,7,0,99,2,2,13,0,2,1,1,0,2,0,11,0,2,5,0,12,6,0,3,2,1,1,10,9
2016-05-08,7,5,7,3,2,9,10,6,0,10,0,19,9,7,7,1,0,1,1,9,8,12,55,2,1,2,2,2,11,1,23,13,4,3,29,43,2,2,8,0,2,9,3,5,5,16,0,3,18,7,7,1,0,1,7,0,0,1,0,3,1,2,5,10,12,5,1,7,0,0,0,16,1,4,0,1,2,6,0,1,28,5,1,20,1,4,0,2,2,0,6,24,4,2,1,0,2,3,0,0,1,1,2,2,12
2016-05-15,1,9,8,3,2,9,10,8,1,15,3,19,26,15,4,2,0,9,5,5,12,1,60,2,4,3,0,1,17,5,21,12,5,6,29,34,0,3,5,14,2,3,3,3,8,13,1,0,19,3,8,0,0,0,6,1,3,6,5,4,0,5,6,19,7,6,1,24,0,0,3,17,2,7,0,2,0,9,0,0,48,14,1,17,0,4,1,0,1,1,4,7,4,17,7,0,2,0,0,5,2,0,2,4,9
2016-05-22,4,21,3,3,2,3,10,11,3,19,0,19,28,3,4,3,0,7,5,13,11,4,67,2,5,0,2,0,6,2,21,12,4,4,6,24,2,1,6,6,3,5,5,1,3,30,0,7,21,6,10,0,2,4,1,0,2,0,10,6,0,4,1,17,5,9,1,6,1,0,0,0,0,7,0,2,1,7,3,0,59,11,3,11,2,19,2,1,0,0,15,7,5,22,4,0,4,8,2,5,0,0,0,5,12
